0,transaction_id,datetime,Местоположение,mcc,sum,pin_inc_count,Способ доступа
0,9903446,2024-08-16 05:03:19,"Russia, Novosibirsk",7152,509.82,0,Банкомат
1,9843429,2024-11-03 05:48:50,"Russia, Unknown",9011,722.0,0,Банкомат
2,9921632,2024-11-28 17:51:37,"Russia, Moscow",9494,624.9,0,Банкомат
3,9864567,2024-11-03 10:55:14,"Russia, Ufa",2030,172.25,0,Банкомат
4,9841695,2024-09-14 18:44:30,"Russia, Unknown",7968,701.19,0,Банкомат
5,9961927,2024-10-17 17:03:50,"Russia, Klin",3455,950.35,0,Банкомат
6,9989562,2024-11-24 09:00:38,"Russia, Moscow",8441,758.85,0,Банкомат
7,9819582,2024-10-31 02:01:31,"Russia, Moscow",9170,464.93,0,Банкомат
8,9958641,2024-11-19 04:09:45,"Russia, Unknown",6660,518.96,0,Банкомат
9,9628471,2024-11-03 21:12:39,"Russia, Kirovo-Chepetsk",4551,1198.81,0,Банкомат
10,9946946,2024-11-23 22:54:12,"Russia, Samara",4575,934.04,0,Банкомат
11,9701112,2024-11-28 10:53:15,"Russia, Unknown",6124,989.07,0,Банкомат
12,9664650,2024-10-30 09:40:43,"Russia, Samara",3498,451.16,0,Банкомат
13,9956651,2024-11-27 20:53:26,"Russia, Kirovo-Chepetsk",5279,762.9,0,Банкомат
14,9979690,2024-11-17 21:12:29,"Russia, Unknown",2362,222.98,0,Банкомат
15,9513623,2024-11-11 21:21:20,"Russia, Unknown",7468,613.18,0,Банкомат
16,9965011,2024-11-08 09:46:09,"Russia, Samara",3742,421.01,0,Банкомат
17,9498166,2024-11-28 07:39:06,"Russia, Moscow",6397,628.26,0,Банкомат
18,9794867,2024-11-27 23:54:26,"Russia, Unknown",8556,859.88,1,Банкомат
19,9609721,2024-10-11 02:30:47,"Russia, Ufa",1330,710.93,0,Банкомат
20,9973638,2024-11-02 21:45:50,"Russia, Kirovo-Chepetsk",1740,636.14,1,Банкомат
21,9492690,2024-11-27 10:54:33,"Russia, Unknown",7655,118.02,1,Банкомат
22,9909992,2024-10-17 12:22:14,"Russia, Zheleznogorsk",1608,339.92,0,Банкомат
23,9847719,2024-11-21 15:49:17,"Ukraine, Simferopol",3233,268.69,0,Банкомат
24,9657629,2024-09-29 22:04:12,"Russia, Zheleznogorsk",5130,320.99,1,Банкомат
25,9908345,2024-11-03 04:54:39,"Russia, Moscow",9352,898.21,0,Банкомат
26,9808904,2024-11-23 07:53:28,"Russia, Klin",9363,183.02,1,Банкомат
27,9972171,2024-11-19 01:38:27,"Russia, Samara",8855,913.08,1,Банкомат
28,9994969,2024-10-24 20:18:45,"Russia, Unknown",8827,1186.02,0,Банкомат
29,9784480,2024-11-09 21:36:43,"Russia, Ufa",9866,281.03,1,Банкомат
30,9999813,2024-10-23 11:33:07,"Russia, Kirovo-Chepetsk",5822,180.13,0,Банкомат
31,9947051,2024-11-28 09:31:24,"Russia, Grozny",4384,555.27,0,Банкомат
32,9747297,2024-11-18 21:06:32,"Russia, Unknown",4909,123.0,0,Банкомат
33,9649772,2024-11-14 07:09:40,"Russia, Unknown",2242,336.31,0,Банкомат
34,9832461,2024-09-21 15:08:11,"Russia, Samara",8405,233.86,0,Банкомат
35,9964275,2024-11-09 18:49:55,"Russia, Klin",6695,440.0,0,Банкомат
36,9667600,2024-11-19 19:01:23,"Russia, Zheleznogorsk",8952,115.05,0,Банкомат
37,9948378,2024-11-27 14:22:40,"Russia, Novosibirsk",4809,1037.78,1,Банкомат
38,9915563,2024-11-11 07:23:09,"Russia, Kirovo-Chepetsk",9784,194.37,0,Банкомат
39,9904055,2024-11-11 04:12:24,"Russia, Zheleznogorsk",9109,957.21,0,Банкомат
40,9821308,2024-11-27 06:28:27,"Russia, Novosibirsk",2477,671.02,0,Банкомат
41,9914470,2024-11-14 21:35:23,"Russia, Zheleznogorsk",6050,156.88,0,Банкомат
42,9939879,2024-11-13 01:31:02,"Russia, Unknown",4339,993.01,0,Банкомат
43,9954532,2024-11-27 00:45:48,"Russia, Grozny",8422,811.18,0,Банкомат
44,9519449,2024-11-23 18:12:35,"Russia, Grozny",5834,940.88,0,Банкомат
45,9799707,2024-11-25 06:31:19,"Ukraine, Simferopol",5956,923.12,0,Банкомат
46,9839539,2024-11-23 15:05:36,"Russia, Grozny",5690,932.1,0,Банкомат
47,9969299,2024-10-21 23:46:18,"Russia, Zheleznogorsk",5494,1043.99,1,Банкомат
48,9616640,2024-11-14 12:22:21,"Russia, Unknown",8777,1107.05,0,Банкомат
49,9959762,2024-11-04 21:07:59,"Russia, Grozny",9804,379.21,0,Банкомат
50,9988112,2024-11-13 04:06:41,"Russia, Samara",2818,670.98,0,Банкомат
51,9939997,2024-11-22 16:13:36,"Russia, Unknown",5503,755.92,0,Банкомат
52,9974957,2024-11-24 20:47:37,"Russia, Samara",6547,909.24,1,Банкомат
53,9984336,2024-09-13 04:12:58,"Russia, Unknown",7529,957.96,0,Банкомат
54,9984336,2024-09-17 13:50:43,"Russia, Unknown",3948,957.71,0,Банкомат
55,9947227,2024-11-28 03:19:41,"Russia, Unknown",8080,301.16,0,Банкомат
56,9688331,2024-11-06 05:53:28,"Russia, Novosibirsk",8515,937.31,0,Банкомат
57,9679545,2024-11-27 12:02:20,"Russia, Unknown",1608,362.94,0,Банкомат
58,9856221,2024-11-18 10:30:45,"Russia, Unknown",3076,165.95,0,Банкомат
59,9964000,2024-10-28 05:14:20,"Russia, Unknown",9143,321.82,0,Банкомат
60,9915790,2024-10-26 01:50:20,"Russia, Kirovo-Chepetsk",1390,935.84,0,Банкомат
61,9897377,2024-11-05 06:30:33,"Russia, Unknown",7396,979.27,0,Банкомат
62,9921123,2024-10-30 20:04:20,"Russia, Moscow",2714,534.84,0,Банкомат
63,9640873,2024-11-17 09:52:38,"Russia, Unknown",4213,207.33,1,Банкомат
64,9764030,2024-11-25 18:04:44,"Russia, Unknown",7114,209.14,0,Банкомат
65,9996903,2024-11-09 17:53:12,"Russia, Unknown",1840,646.14,0,Банкомат
66,9753141,2024-10-18 21:33:42,"Russia, St Petersburg",1432,166.22,0,Банкомат
67,9949672,2024-08-11 06:19:36,"Russia, Moscow",7365,199.1,0,Банкомат
68,9811538,2024-11-23 16:06:51,"Russia, Unknown",7939,454.91,0,Банкомат
69,9830438,2024-09-15 22:36:05,"Ukraine, Simferopol",4362,197.77,0,Банкомат
70,9667434,2024-11-18 16:55:12,"Russia, Moscow",7592,657.78,0,Банкомат
71,9630622,2024-11-25 04:38:03,"Russia, Novosibirsk",3890,118.83,0,Банкомат
72,9860478,2024-11-09 02:06:37,"Russia, Unknown",6015,606.96,0,Банкомат
73,9553280,2024-08-19 13:48:48,"Russia, Unknown",6108,1099.97,1,Банкомат
74,9981274,2024-09-29 22:33:30,"Russia, Unknown",3839,815.86,0,Банкомат
75,9998955,2024-11-09 13:51:26,"Russia, Moscow",5925,1022.2,0,Банкомат
76,9892846,2024-11-27 14:00:49,"Russia, Moscow",7761,203.23,0,Банкомат
77,9769601,2024-10-14 21:05:30,"Ukraine, Simferopol",1164,364.1,0,Банкомат
78,9782582,2024-10-28 18:51:25,"Russia, Moscow",3484,420.07,0,Банкомат
79,9925713,2024-10-22 21:27:08,"Russia, Samara",1016,922.85,0,Банкомат
80,9885355,2024-11-14 01:21:44,"Russia, Zheleznogorsk",5497,214.06,0,Банкомат
81,9811643,2024-11-23 17:13:29,"Russia, Samara",4164,496.96,0,Банкомат
82,9945327,2024-11-04 06:45:33,"Russia, Zheleznogorsk",3348,694.16,0,Банкомат
83,9946698,2024-10-11 19:07:07,"Russia, Moscow",8243,208.14,0,Банкомат
84,9905886,2024-09-20 04:57:52,"Russia, St Petersburg",5170,367.79,0,Банкомат
85,9940713,2024-11-25 03:19:18,"Russia, Unknown",4591,689.04,0,Банкомат
86,9898972,2024-11-13 04:47:23,"Russia, Moscow",7580,1179.88,0,Банкомат
87,9870535,2024-07-08 05:57:39,"Russia, Ufa",9392,141.3,0,Банкомат
88,9996827,2024-10-15 00:05:01,"Russia, Grozny",8866,242.14,0,Банкомат
89,9860541,2024-11-16 12:24:38,"Russia, Unknown",4789,212.92,0,Банкомат
90,9951385,2024-11-27 19:11:29,"Russia, Moscow",4356,755.02,0,Банкомат
91,9873039,2024-11-18 22:55:57,"Russia, Unknown",8575,306.11,1,Банкомат
92,9843689,2024-11-14 23:38:37,"Russia, Klin",5452,532.1,0,Банкомат
93,9976380,2024-11-25 02:04:21,"Russia, Unknown",4257,914.82,0,Банкомат
94,9196206,2024-11-28 19:06:58,"Russia, Kirovo-Chepetsk",2074,370.07,0,Банкомат
95,9751058,2024-11-28 17:10:24,"Russia, Unknown",3594,226.94,0,Банкомат
96,9602582,2024-10-28 20:26:01,"Russia, Ufa",3086,694.05,0,Банкомат
97,9936611,2024-10-19 14:35:47,"Russia, Novosibirsk",5516,257.06,0,Банкомат
98,9987338,2024-11-08 11:24:58,"Russia, Unknown",6839,1036.98,0,Банкомат
99,9950905,2024-11-26 23:06:07,"Russia, Unknown",3993,480.07,0,Банкомат
100,9893885,2024-11-05 12:02:45,"Russia, Unknown",1898,1190.07,2,Банкомат
101,9992114,2024-11-07 15:17:03,"Russia, Kirovo-Chepetsk",1030,514.8,0,Банкомат
102,9855515,2024-10-11 21:10:11,"Russia, Samara",6742,460.13,0,Банкомат
103,9761154,2024-10-31 06:15:36,"Russia, Samara",6088,729.94,0,Банкомат
104,9839727,2024-11-16 13:51:06,"Russia, Unknown",1536,108.09,0,Банкомат
105,9780721,2024-11-12 22:31:03,"Russia, Ufa",5022,1117.81,1,Банкомат
106,9941249,2024-11-06 08:23:01,"Russia, Klin",2772,321.86,0,Банкомат
107,9975525,2024-09-18 04:11:27,"Russia, Samara",8470,1184.13,0,Банкомат
108,9667479,2024-11-13 12:17:44,"Russia, Unknown",8141,232.3,0,Банкомат
109,9919191,2024-11-27 04:54:12,"Russia, Unknown",5405,867.87,1,Банкомат
110,9939175,2024-11-14 18:27:01,"Russia, Unknown",5885,745.41,0,Банкомат
111,9953580,2024-10-23 02:33:19,"Russia, Unknown",5119,789.94,0,Банкомат
112,9871882,2024-11-17 04:14:02,"Ukraine, Simferopol",1414,1066.03,1,Банкомат
113,9778964,2024-09-17 19:06:01,"Ukraine, Simferopol",5219,312.95,0,Банкомат
114,9843165,2024-11-10 22:55:40,"Ukraine, Simferopol",5491,196.97,0,Банкомат
115,9767425,2024-09-24 12:27:28,"Russia, Unknown",6700,208.72,0,Банкомат
116,9934840,2024-11-07 19:25:26,"Ukraine, Simferopol",9169,1002.19,0,Банкомат
117,9873708,2024-10-06 10:59:17,"Russia, Moscow",4607,385.23,0,Банкомат
118,9946613,2024-11-14 01:22:57,"Russia, Novosibirsk",2796,408.93,0,Банкомат
119,9866602,2024-08-03 00:29:04,"Russia, Grozny",2783,183.09,0,Банкомат
120,9866602,2024-11-09 23:39:36,"Russia, Grozny",7006,182.8,0,Банкомат
121,9638647,2024-11-20 10:57:57,"Russia, Unknown",2519,883.32,0,Банкомат
122,9811011,2024-11-05 07:18:22,"Russia, Kirovo-Chepetsk",9833,756.74,0,Банкомат
123,9914495,2024-11-24 17:06:00,"Russia, Unknown",6463,358.1,0,Банкомат
124,9747130,2024-11-04 23:41:32,"Russia, Unknown",6882,913.9,1,Банкомат
125,9917315,2024-11-06 22:52:10,"Russia, Grozny",5167,1085.13,0,Банкомат
126,9937979,2024-11-23 04:02:34,"Ukraine, Simferopol",5329,1072.98,0,Банкомат
127,9864044,2024-11-17 16:49:09,"Russia, Unknown",1898,488.95,0,Банкомат
128,9944333,2024-10-18 11:14:09,"Russia, Unknown",8495,222.09,0,Банкомат
129,9970092,2024-10-22 05:23:26,"Russia, Grozny",1186,908.85,0,Банкомат
130,9227823,2024-10-15 00:02:09,"Russia, Unknown",8591,446.25,0,Банкомат
131,9934492,2024-11-16 13:51:56,"Russia, Moscow",9247,143.97,0,Банкомат
132,9715208,2024-11-24 03:57:02,"Russia, Unknown",3390,900.15,0,Банкомат
133,9964896,2024-11-28 03:52:35,"Russia, Moscow",1724,1186.78,0,Банкомат
134,9974940,2024-10-14 14:11:48,"Russia, Unknown",4085,103.71,0,Банкомат
135,9777841,2024-11-08 19:51:15,"Russia, Samara",3111,1099.91,0,Банкомат
136,9581491,2024-09-25 21:01:26,"Russia, Novosibirsk",3267,389.71,0,Банкомат
137,9719392,2024-10-23 23:18:26,"Russia, Unknown",6206,881.91,0,Банкомат
138,9901697,2024-11-26 03:47:03,"Russia, Unknown",4430,294.99,1,Банкомат
139,9836702,2024-11-17 00:15:33,"Russia, Moscow",2387,148.87,0,Банкомат
140,9922294,2024-11-03 07:29:24,"Russia, Unknown",9501,765.06,0,Банкомат
141,9918357,2024-11-14 00:38:49,"Russia, Samara",4182,251.7,0,Банкомат
142,9416108,2024-10-02 13:19:24,"Russia, Unknown",5530,273.59,1,Банкомат
143,9910073,2024-11-15 17:27:41,"Russia, Novosibirsk",7081,679.19,1,Банкомат
144,9792408,2024-11-10 09:23:27,"Russia, Unknown",5404,456.93,0,Банкомат
145,9941208,2024-11-18 16:57:13,"Russia, Grozny",7498,1034.98,0,Банкомат
146,9958692,2024-11-17 14:47:42,"Russia, St Petersburg",4664,925.11,0,Банкомат
147,9819668,2024-11-09 00:22:57,"Russia, Unknown",5780,456.89,0,Банкомат
148,9874879,2024-11-20 15:46:16,"Russia, Samara",6889,178.13,1,Банкомат
149,9920890,2024-11-06 16:01:13,"Russia, Unknown",8770,654.67,0,Банкомат
150,9832251,2024-11-12 04:31:22,"Russia, Samara",3853,1155.93,0,Банкомат
151,9899808,2024-09-22 16:33:30,"Russia, Grozny",2207,1181.13,0,Банкомат
152,9789693,2024-11-09 12:48:11,"Russia, Moscow",2907,206.8,1,Банкомат
153,9745483,2024-11-21 16:31:49,"Russia, Moscow",7015,428.03,0,Банкомат
154,9857496,2024-11-13 05:52:59,"Russia, Moscow",4398,247.9,1,Банкомат
155,9697987,2024-11-25 22:19:53,"Russia, Unknown",5385,759.19,1,Банкомат
156,9948314,2024-11-23 11:56:16,"Russia, Unknown",7316,1050.01,0,Банкомат
157,9879406,2024-11-27 03:50:44,"Russia, Moscow",4441,995.94,0,Банкомат
158,9896751,2024-11-26 23:36:35,"Russia, Unknown",9201,187.0,0,Банкомат
159,9691571,2024-11-19 10:46:54,"Russia, Moscow",2427,714.87,0,Банкомат
160,9993562,2024-11-25 11:06:35,"Russia, Unknown",7075,109.89,0,Банкомат
161,9936420,2024-11-20 12:30:06,"Russia, Grozny",7286,278.96,0,Банкомат
162,9881484,2024-11-19 21:10:16,"Russia, Unknown",4905,354.03,0,Банкомат
163,9885353,2024-11-23 12:45:10,"Russia, Klin",9164,820.07,0,Банкомат
164,9898244,2024-11-07 19:54:15,"Russia, Grozny",8686,778.85,0,Банкомат
165,9681101,2024-11-12 23:09:52,"Russia, Samara",8287,922.82,0,Банкомат
166,9911757,2024-11-17 05:18:55,"Russia, Unknown",1439,391.91,0,Банкомат
167,9882478,2024-11-22 00:47:08,"Russia, St Petersburg",9577,529.94,0,Банкомат
168,9784105,2024-11-12 07:56:08,"Russia, Unknown",8305,764.15,0,Банкомат
169,9831799,2024-11-28 01:53:56,"Russia, Zheleznogorsk",1305,938.61,1,Банкомат
170,9874241,2024-11-26 20:52:26,"Russia, Unknown",7589,814.08,2,Банкомат
171,9757311,2024-11-08 15:26:29,"Russia, Klin",5650,268.94,0,Банкомат
172,9924238,2024-11-20 05:23:16,"Russia, Grozny",2029,221.94,0,Банкомат
173,9844397,2024-11-27 21:46:09,"Russia, Zheleznogorsk",7338,842.83,0,Банкомат
174,9949235,2024-11-23 16:17:09,"Russia, Samara",9319,624.98,0,Банкомат
175,9904339,2024-11-09 08:51:25,"Russia, Zheleznogorsk",6683,918.07,0,Банкомат
176,9270824,2024-10-23 09:41:02,"Russia, Grozny",9673,1165.05,0,Банкомат
177,9973301,2024-11-22 03:24:01,"Russia, Klin",4646,368.02,0,Банкомат
178,9323723,2024-10-11 21:58:50,"Russia, Samara",3026,154.97,0,Банкомат
179,9935915,2024-11-08 02:14:22,"Russia, Novosibirsk",9795,255.09,0,Банкомат
180,9899806,2024-11-25 17:49:39,"Russia, Novosibirsk",6767,880.96,0,Банкомат
181,9886255,2024-11-13 04:47:37,"Russia, Grozny",1743,316.22,1,Банкомат
182,9967089,2024-10-24 21:46:24,"Russia, Unknown",3754,1059.8,0,Банкомат
183,9998492,2024-11-27 06:55:07,"Russia, St Petersburg",7582,996.01,0,Банкомат
184,9879885,2024-11-13 00:53:19,"Russia, Unknown",6177,213.9,0,Банкомат
185,9990985,2024-09-10 23:52:14,"Russia, Unknown",2826,361.0,0,Банкомат
186,9812530,2024-11-27 14:27:44,"Ukraine, Simferopol",8520,926.86,0,Банкомат
187,9791731,2024-11-28 10:45:25,"Russia, Unknown",9869,328.21,1,Банкомат
188,9784128,2024-10-07 22:24:08,"Russia, Moscow",2956,985.08,0,Банкомат
189,9837153,2024-11-07 18:16:53,"Russia, Unknown",2420,820.08,0,Банкомат
190,9861593,2024-11-03 00:40:06,"Russia, Unknown",8861,169.18,2,Банкомат
191,9876415,2024-11-11 07:49:05,"Russia, Kirovo-Chepetsk",7910,679.07,0,Банкомат
192,9748835,2024-11-27 09:13:39,"Russia, Samara",2522,890.79,0,Банкомат
193,9677801,2024-11-16 20:09:14,"Russia, Moscow",9240,723.84,1,Банкомат
194,9945255,2024-11-22 23:02:32,"Russia, Unknown",8927,392.19,1,Банкомат
195,9768968,2024-11-23 15:16:47,"Russia, Kirovo-Chepetsk",1722,595.96,0,Банкомат
196,9943608,2024-10-21 20:17:36,"Russia, Grozny",2325,679.03,0,Банкомат
197,9951225,2024-11-24 22:38:59,"Russia, Kirovo-Chepetsk",8016,1022.91,0,Банкомат
198,9863046,2024-11-27 13:07:01,"Ukraine, Simferopol",5195,957.91,0,Банкомат
199,9554408,2024-10-21 07:54:08,"Russia, Ufa",7520,1075.05,0,Банкомат
200,9689431,2024-11-19 23:07:21,"Russia, Unknown",3830,1038.09,0,Банкомат
201,9992026,2024-11-17 01:28:02,"Russia, Unknown",9400,776.7,0,Банкомат
202,9958809,2024-11-10 12:18:32,"Russia, Unknown",1367,160.98,0,Банкомат
203,9980872,2024-11-17 22:33:08,"Russia, St Petersburg",6063,311.87,0,Банкомат
204,9960883,2024-11-13 22:05:22,"Russia, St Petersburg",7542,364.75,1,Банкомат
205,9729706,2024-10-05 10:39:45,"Russia, Klin",5035,300.92,0,Банкомат
206,9934697,2024-11-27 21:26:50,"Russia, Ufa",5477,1020.09,0,Банкомат
207,9621569,2024-10-16 08:25:25,"Russia, Unknown",4646,131.9,1,Банкомат
208,9861543,2024-11-08 00:44:53,"Russia, Samara",8857,383.2,0,Банкомат
209,9737423,2024-09-12 00:09:42,"Russia, Moscow",2898,700.91,0,Банкомат
210,9775999,2024-11-26 11:59:44,"Russia, Moscow",1835,488.93,0,Банкомат
211,9913822,2024-11-04 20:43:29,"Russia, Samara",4320,666.97,0,Банкомат
212,9313222,2024-11-14 15:22:43,"Russia, Moscow",8999,1154.98,0,Банкомат
213,9716366,2024-11-17 02:45:24,"Russia, Unknown",7097,974.11,0,Банкомат
214,9913864,2024-11-23 12:15:52,"Russia, Unknown",5932,1061.13,0,Банкомат
215,9931763,2024-11-09 17:11:30,"Russia, Klin",7975,492.47,0,Банкомат
216,9972544,2024-11-24 10:15:06,"Russia, Kirovo-Chepetsk",9028,417.99,0,Банкомат
217,9822863,2024-11-18 16:40:48,"Russia, Unknown",5711,304.06,0,Банкомат
218,9707402,2024-11-28 06:43:33,"Russia, Unknown",1362,1146.86,0,Банкомат
219,9928152,2024-11-02 19:21:39,"Russia, Moscow",6089,1085.92,0,Банкомат
220,9805752,2024-11-19 10:59:56,"Russia, Kirovo-Chepetsk",7580,373.19,1,Банкомат
221,9665158,2024-11-09 17:32:51,"Russia, Samara",7511,308.3,1,Банкомат
222,9809336,2024-11-27 22:29:14,"Russia, Unknown",4989,288.84,0,Банкомат
223,9557829,2024-10-24 17:33:24,"Russia, Moscow",5489,1056.87,0,Банкомат
224,9769854,2024-11-20 18:56:44,"Russia, Unknown",7379,930.01,0,Банкомат
225,9976723,2024-08-23 18:42:14,"Russia, Grozny",7482,1105.15,0,Банкомат
226,9998367,2024-11-09 21:21:48,"Russia, Moscow",6764,1122.18,0,Банкомат
227,9991041,2024-11-24 09:52:11,"Russia, Zheleznogorsk",1461,778.25,0,Банкомат
228,9952043,2024-10-09 08:07:02,"Russia, Unknown",6011,294.94,1,Банкомат
229,9549587,2024-11-21 18:22:44,"Ukraine, Simferopol",2888,1089.18,0,Банкомат
230,9465083,2024-10-21 03:56:10,"Russia, Unknown",3594,1157.12,0,Банкомат
231,9492744,2024-11-09 09:58:35,"Russia, Kirovo-Chepetsk",3163,483.72,0,Банкомат
232,9941971,2024-11-16 15:00:25,"Russia, Unknown",6996,1119.93,0,Банкомат
233,9826542,2024-11-13 16:43:38,"Russia, Unknown",4559,366.02,0,Банкомат
234,9989080,2024-11-26 05:40:03,"Russia, Samara",5495,202.1,1,Банкомат
235,9903407,2024-11-04 13:13:25,"Russia, Klin",8609,212.01,0,Банкомат
236,9820989,2024-11-23 14:42:20,"Russia, Unknown",1352,122.91,0,Банкомат
237,9888949,2024-11-25 01:42:59,"Russia, Moscow",1563,712.12,1,Банкомат
238,9920008,2024-09-16 10:48:46,"Russia, Ufa",7795,1065.94,0,Банкомат
239,9947433,2024-11-20 19:47:09,"Russia, Samara",6112,831.52,0,Банкомат
240,9944322,2024-11-20 23:54:36,"Russia, Ufa",1439,644.83,0,Банкомат
241,9836923,2024-10-21 13:36:45,"Russia, Kirovo-Chepetsk",1154,997.83,0,Банкомат
242,9553373,2024-10-15 03:57:59,"Russia, Moscow",8654,918.1,0,Банкомат
243,9999636,2024-10-19 18:26:07,"Russia, Samara",3448,968.42,0,Банкомат
244,9908782,2024-11-22 23:54:42,"Ukraine, Simferopol",7696,1144.93,0,Банкомат
245,9818268,2024-11-27 08:41:09,"Russia, Zheleznogorsk",3173,336.76,0,Банкомат
246,9798398,2024-11-27 17:50:21,"Russia, Unknown",7949,645.14,0,Банкомат
247,9691649,2024-11-17 23:52:24,"Russia, Novosibirsk",2615,379.96,0,Банкомат
248,9508453,2024-09-18 17:03:23,"Russia, Unknown",3064,1069.16,0,Банкомат
249,9890641,2024-11-12 20:06:18,"Russia, Unknown",7384,982.67,0,Банкомат
250,9957837,2024-10-31 19:01:01,"Russia, Unknown",8698,502.81,0,Банкомат
251,9589449,2024-10-23 23:46:13,"Russia, Novosibirsk",1131,602.97,0,Банкомат
252,9518469,2024-11-22 04:02:33,"Russia, Ufa",4006,539.1,1,Банкомат
253,9934130,2024-11-17 01:59:52,"Russia, Unknown",4306,476.09,1,Банкомат
254,9857301,2024-11-10 17:07:30,"Russia, Samara",6824,1150.12,0,Банкомат
255,9726689,2024-11-28 23:43:04,"Russia, Unknown",2305,1006.98,0,Банкомат
256,9663822,2024-11-11 02:16:38,"Russia, Unknown",3213,899.99,0,Банкомат
257,9919626,2024-11-23 20:15:57,"Russia, Unknown",5493,482.21,0,Банкомат
258,9993579,2024-10-16 00:18:20,"Russia, Grozny",3392,1188.12,0,Банкомат
259,9629748,2024-09-16 03:01:39,"Russia, St Petersburg",9075,708.04,0,Банкомат
260,9860499,2024-11-17 21:23:44,"Russia, Unknown",5348,870.98,0,Банкомат
261,9677271,2024-10-24 12:47:06,"Russia, Unknown",3309,151.95,0,Банкомат
262,9973169,2024-10-13 16:30:19,"Russia, St Petersburg",3867,724.82,0,Банкомат
263,9807137,2024-11-19 10:05:39,"Ukraine, Simferopol",3377,584.81,0,Банкомат
264,9770726,2024-11-04 09:44:09,"Russia, Zheleznogorsk",5502,888.89,0,Банкомат
265,9197682,2024-11-28 01:55:43,"Russia, Ufa",5970,425.9,0,Банкомат
266,9782385,2024-11-15 06:56:51,"Russia, Unknown",2085,883.02,0,Банкомат
267,9960405,2024-11-05 12:39:43,"Russia, Samara",6065,745.15,0,Банкомат
268,9823492,2024-11-21 23:03:22,"Russia, Ufa",7642,982.82,0,Банкомат
269,9792423,2024-11-27 02:12:53,"Russia, Zheleznogorsk",9849,1040.77,0,Банкомат
270,9568721,2024-10-23 08:29:59,"Russia, Moscow",9261,341.97,0,Банкомат
271,9810720,2024-11-16 12:17:27,"Russia, Klin",5740,592.97,0,Банкомат
272,9884083,2024-11-15 07:19:05,"Russia, Ufa",7092,428.93,0,Банкомат
273,9907130,2024-11-13 22:11:12,"Russia, Unknown",6714,234.85,0,Банкомат
274,9935461,2024-11-13 16:47:25,"Russia, Unknown",8579,1122.82,0,Банкомат
275,9967331,2024-11-24 07:16:25,"Russia, Novosibirsk",1684,909.77,0,Банкомат
276,9956832,2024-11-25 07:19:10,"Russia, Zheleznogorsk",7486,751.88,1,Банкомат
277,9781291,2024-10-20 19:33:36,"Russia, Samara",3853,981.81,0,Банкомат
278,9499581,2024-11-01 13:21:26,"Russia, Samara",8083,1085.97,0,Банкомат
279,9942436,2024-11-26 12:39:48,"Russia, Unknown",6397,1037.08,0,Банкомат
280,9951787,2024-11-07 03:03:53,"Russia, Novosibirsk",3382,486.9,0,Банкомат
281,9949236,2024-11-05 05:53:30,"Russia, Grozny",8591,234.09,0,Банкомат
282,9964081,2024-11-18 00:38:05,"Russia, Grozny",4981,1165.77,0,Банкомат
283,9970866,2024-11-21 15:50:24,"Ukraine, Simferopol",5511,224.1,0,Банкомат
284,9980982,2024-11-04 15:35:50,"Russia, Moscow",5720,1034.82,1,Банкомат
285,9977690,2024-11-27 15:37:49,"Russia, St Petersburg",7574,485.14,0,Банкомат
286,9967745,2024-11-21 09:33:27,"Russia, Moscow",1229,882.2,0,Банкомат
287,9636339,2024-11-22 02:18:32,"Russia, Ufa",4911,849.12,0,Банкомат
288,9974951,2024-11-24 12:52:56,"Russia, Unknown",1732,130.18,0,Банкомат
289,9992753,2024-11-01 13:12:08,"Russia, Grozny",3865,1117.07,0,Банкомат
290,9957441,2024-10-31 12:20:48,"Russia, Zheleznogorsk",4271,570.06,0,Банкомат
291,9953709,2024-11-24 07:19:16,"Russia, Unknown",4235,858.11,0,Банкомат
292,9941432,2024-10-23 11:49:17,"Russia, Moscow",3506,308.01,0,Банкомат
293,9887845,2024-09-19 10:21:05,"Russia, Ufa",6117,953.36,0,Банкомат
294,9873325,2024-11-23 10:59:21,"Russia, Unknown",8027,180.62,0,Банкомат
295,9953570,2024-11-11 16:19:54,"Russia, Kirovo-Chepetsk",1171,1184.03,1,Банкомат
296,9811664,2024-11-19 02:19:22,"Russia, Unknown",7064,824.92,0,Банкомат
297,9710903,2024-11-19 13:33:30,"Russia, Samara",8404,1137.33,0,Банкомат
298,9938972,2024-11-08 05:56:56,"Russia, Novosibirsk",4809,107.02,0,Банкомат
299,9965874,2024-10-12 12:54:22,"Russia, Novosibirsk",7907,1086.82,0,Банкомат
300,9635701,2024-09-21 20:00:06,"Russia, Ufa",2651,1126.16,0,Банкомат
301,9973111,2024-11-24 04:17:35,"Russia, Novosibirsk",3815,184.3,0,Банкомат
302,9579870,2024-11-28 05:42:42,"Russia, St Petersburg",3655,693.02,0,Банкомат
303,9631924,2024-11-03 13:20:09,"Russia, Novosibirsk",8624,746.1,1,Банкомат
304,9783954,2024-11-20 11:01:19,"Russia, Novosibirsk",4731,1094.15,0,Банкомат
305,9935452,2024-11-25 16:02:31,"Ukraine, Simferopol",4798,501.06,0,Банкомат
306,9901631,2024-11-25 23:59:15,"Russia, Unknown",1160,930.82,0,Банкомат
307,9915564,2024-10-23 12:45:12,"Ukraine, Simferopol",4953,810.12,0,Банкомат
308,9923348,2024-11-22 12:48:12,"Russia, Unknown",6124,632.17,0,Банкомат
309,9632591,2024-10-27 13:28:54,"Russia, St Petersburg",8544,607.92,0,Банкомат
310,9899410,2024-11-08 09:58:32,"Russia, Unknown",2370,429.13,0,Банкомат
311,9389887,2024-11-17 07:38:32,"Russia, Zheleznogorsk",8975,287.08,0,Банкомат
312,9982546,2024-11-24 20:06:12,"Russia, Unknown",6107,309.98,0,Банкомат
313,9982818,2024-11-17 00:10:37,"Russia, Klin",4185,954.03,0,Банкомат
314,9904245,2024-10-10 10:49:34,"Russia, Ufa",9539,620.86,0,Банкомат
315,9978429,2024-10-27 09:42:39,"Russia, Unknown",8693,1042.09,0,Банкомат
316,9832942,2024-11-20 20:57:27,"Russia, Unknown",2276,1128.07,0,Банкомат
317,9973152,2024-10-31 22:07:15,"Russia, Ufa",7835,975.08,0,Банкомат
318,9888142,2024-11-12 15:08:15,"Russia, Moscow",2285,761.11,0,Банкомат
319,9990592,2024-11-23 01:50:17,"Russia, Moscow",8221,501.18,1,Банкомат
320,9739679,2024-10-08 14:31:52,"Russia, Unknown",3570,658.96,0,Банкомат
321,9945421,2024-11-15 10:33:10,"Russia, Grozny",2165,164.06,0,Банкомат
322,9593757,2024-10-14 19:37:51,"Ukraine, Simferopol",7719,681.98,1,Банкомат
323,9437192,2024-10-03 12:23:12,"Russia, Unknown",6545,661.83,0,Банкомат
324,9911203,2024-11-16 20:39:07,"Russia, Klin",8541,282.11,0,Банкомат
325,9884466,2024-11-23 16:12:51,"Russia, Samara",8792,1011.84,0,Банкомат
326,9978960,2024-11-20 14:46:22,"Russia, Unknown",7322,771.05,0,Банкомат
327,9999450,2024-10-05 22:16:46,"Russia, Samara",1528,141.83,0,Банкомат
328,9797806,2024-10-25 05:13:26,"Russia, Moscow",6172,1043.1,0,Банкомат
329,9960117,2024-11-14 11:11:37,"Russia, Moscow",6731,587.0,0,Банкомат
330,9996826,2024-11-13 11:56:14,"Russia, Kirovo-Chepetsk",3695,688.0,0,Банкомат
331,9952019,2024-11-16 00:30:39,"Russia, Samara",5440,1126.2,1,Банкомат
332,9982084,2024-10-08 09:58:47,"Russia, Samara",8864,847.1,0,Банкомат
333,9849986,2024-08-18 03:33:21,"Russia, Unknown",5418,845.01,0,Банкомат
334,9982457,2024-11-15 20:59:46,"Russia, Unknown",9538,887.06,0,Банкомат
335,9895014,2024-11-22 02:29:08,"Russia, Unknown",1934,872.9,0,Банкомат
336,9871041,2024-11-06 23:53:00,"Russia, Unknown",9096,670.77,0,Банкомат
337,9868042,2024-11-23 06:28:32,"Russia, Grozny",1083,1146.72,1,Банкомат
338,9943034,2024-11-23 05:45:38,"Russia, Unknown",2175,218.08,0,Банкомат
339,9632298,2024-11-13 10:18:11,"Russia, Novosibirsk",2495,1165.79,1,Банкомат
340,9992352,2024-10-29 20:22:16,"Russia, Klin",2672,750.0,0,Банкомат
341,9999630,2024-11-25 07:57:37,"Russia, Klin",3994,480.74,0,Банкомат
342,9972606,2024-11-04 16:42:53,"Russia, St Petersburg",9394,590.82,0,Банкомат
343,9588077,2024-11-12 20:06:04,"Russia, Unknown",8806,899.91,1,Банкомат
344,9980256,2024-11-26 00:21:31,"Russia, Grozny",5983,875.19,0,Банкомат
345,9987291,2024-11-26 17:15:37,"Russia, Unknown",3288,764.12,0,Банкомат
346,9920181,2024-10-25 19:00:25,"Russia, Unknown",2688,1106.06,0,Банкомат
347,9999809,2024-10-12 19:17:32,"Russia, Ufa",5270,603.08,0,Банкомат
348,9957593,2024-10-21 05:31:10,"Russia, Unknown",7435,569.02,0,Банкомат
349,9680627,2024-11-22 20:47:12,"Russia, Unknown",1628,1145.18,0,Банкомат
350,9949872,2024-11-03 07:18:57,"Russia, Unknown",2570,956.08,0,Банкомат
351,9976268,2024-11-22 14:32:20,"Russia, Moscow",5315,482.12,1,Банкомат
352,9810712,2024-11-04 05:49:14,"Russia, Unknown",6038,852.13,0,Банкомат
353,9987107,2024-11-23 22:03:47,"Russia, St Petersburg",4886,355.15,0,Банкомат
354,9871920,2024-10-21 10:17:14,"Russia, St Petersburg",7383,1051.13,0,Банкомат
355,9999708,2024-11-19 04:50:29,"Russia, Unknown",1090,762.88,0,Банкомат
356,9721123,2024-11-16 05:39:05,"Russia, Unknown",1920,270.25,0,Банкомат
357,9836391,2024-10-30 01:48:56,"Russia, Unknown",5563,994.81,0,Банкомат
358,9904842,2024-11-21 11:41:22,"Russia, Grozny",1173,1067.99,0,Банкомат
359,9913709,2024-11-25 04:18:09,"Russia, Zheleznogorsk",8396,623.12,0,Банкомат
360,9905614,2024-11-20 08:54:41,"Russia, Samara",1097,1181.2,0,Банкомат
361,9163111,2024-11-16 12:29:50,"Russia, Zheleznogorsk",7483,591.85,0,Банкомат
362,9983433,2024-11-14 17:44:23,"Russia, Unknown",7569,941.81,0,Банкомат
363,9921531,2024-11-20 17:07:49,"Russia, Klin",5589,785.16,0,Банкомат
364,9992019,2024-11-18 07:27:51,"Russia, Samara",4200,1133.92,1,Банкомат
365,9969144,2024-09-20 11:46:50,"Russia, Unknown",3884,940.05,0,Банкомат
366,9941598,2024-11-19 08:06:08,"Russia, Novosibirsk",8468,357.24,1,Банкомат
367,9918338,2024-09-20 21:14:39,"Russia, Unknown",7643,1156.93,0,Банкомат
368,9793060,2024-10-30 21:37:12,"Russia, Moscow",9477,1033.05,0,Банкомат
369,9648958,2024-11-28 07:27:59,"Russia, Samara",4202,649.98,0,Банкомат
370,9690070,2024-11-26 01:07:29,"Russia, St Petersburg",8474,1116.06,2,Банкомат
371,9970485,2024-11-24 15:04:44,"Russia, Moscow",8280,268.87,0,Банкомат
372,9260117,2024-11-10 18:39:37,"Russia, Unknown",2530,211.96,0,Банкомат
373,9829008,2024-11-06 05:52:35,"Russia, Unknown",3129,413.28,1,Банкомат
374,9957397,2024-10-25 15:40:38,"Russia, Unknown",5481,1163.13,0,Банкомат
375,9528051,2024-10-23 21:24:42,"Russia, Unknown",9196,300.93,0,Банкомат
376,9969832,2024-11-17 04:00:35,"Russia, Ufa",5219,464.94,0,Банкомат
377,9854146,2024-11-27 13:06:38,"Russia, St Petersburg",8031,355.96,0,Банкомат
378,9843601,2024-11-23 23:44:59,"Russia, Moscow",5939,743.18,0,Банкомат
379,9970599,2024-11-19 23:10:14,"Russia, Ufa",2521,680.18,0,Банкомат
380,9783987,2024-11-23 12:24:14,"Ukraine, Simferopol",9713,283.81,0,Банкомат
381,9996887,2024-10-18 10:46:36,"Russia, Klin",8258,905.38,0,Банкомат
382,9890257,2024-11-06 13:48:51,"Russia, Samara",6654,300.84,1,Банкомат
383,9778132,2024-11-17 05:39:34,"Russia, Kirovo-Chepetsk",6459,606.99,0,Банкомат
384,9999698,2024-11-10 11:17:44,"Russia, Moscow",1407,323.96,0,Банкомат
385,9885123,2024-11-28 09:49:29,"Russia, Unknown",7167,710.1,0,Банкомат
386,9664123,2024-10-24 12:40:54,"Russia, Moscow",3955,1152.18,0,Банкомат
387,9985071,2024-10-13 14:52:05,"Russia, St Petersburg",4247,977.98,0,Банкомат
388,9705581,2024-11-07 11:52:15,"Russia, St Petersburg",5076,549.02,0,Банкомат
389,9984771,2024-11-28 21:44:43,"Russia, Samara",8095,1084.01,0,Банкомат
390,9958725,2024-11-26 09:57:45,"Russia, Unknown",4983,275.19,1,Банкомат
391,9816345,2024-10-29 20:50:41,"Russia, St Petersburg",8526,806.14,0,Банкомат
392,9921767,2024-11-16 08:58:08,"Russia, Unknown",8834,105.98,0,Банкомат
393,9915279,2024-10-21 11:07:42,"Russia, Moscow",9056,892.3,0,Банкомат
394,9805783,2024-11-28 11:32:48,"Russia, Kirovo-Chepetsk",7160,1159.93,0,Банкомат
395,9953576,2024-11-20 13:04:59,"Russia, Unknown",6798,1164.2,0,Банкомат
396,9969130,2024-11-20 07:12:14,"Russia, Unknown",7965,394.09,0,Банкомат
397,9861614,2024-11-07 21:28:35,"Russia, Moscow",9022,816.91,0,Банкомат
398,9988415,2024-10-31 15:08:00,"Russia, Grozny",6267,802.06,0,Банкомат
399,9791783,2024-11-23 10:06:08,"Russia, Novosibirsk",2091,1178.98,0,Банкомат
400,9673318,2024-11-22 02:16:09,"Russia, Moscow",9287,507.07,0,Банкомат
401,9888721,2024-11-15 12:17:09,"Russia, Zheleznogorsk",4096,220.24,0,Банкомат
402,9942498,2024-11-15 18:48:20,"Russia, Zheleznogorsk",8035,241.98,0,Банкомат
403,9694771,2024-10-14 14:44:44,"Russia, Unknown",4233,1097.82,0,Банкомат
404,9670041,2024-11-19 10:24:08,"Russia, Unknown",4825,739.99,0,Банкомат
405,9915637,2024-11-08 12:41:32,"Russia, Unknown",5077,778.01,0,Банкомат
406,9772712,2024-10-10 09:54:43,"Russia, Novosibirsk",3115,208.88,0,Банкомат
407,9934362,2024-11-20 11:40:51,"Russia, Samara",3161,138.02,0,Банкомат
408,9807921,2024-11-28 23:59:06,"Russia, Unknown",1211,954.8,0,Банкомат
409,9867180,2024-11-23 05:30:00,"Russia, Unknown",4149,204.83,0,Банкомат
410,9950647,2024-10-30 14:24:53,"Russia, St Petersburg",1802,613.23,0,Банкомат
411,9975455,2024-11-20 09:24:54,"Russia, Samara",4935,600.09,0,Банкомат
412,9947999,2024-11-18 10:17:42,"Russia, Zheleznogorsk",9704,646.98,0,Банкомат
413,9964455,2024-11-05 06:30:51,"Ukraine, Simferopol",8611,539.98,0,Банкомат
414,9879785,2024-11-11 01:47:08,"Russia, Unknown",5564,279.95,0,Банкомат
415,9443677,2024-11-26 19:46:37,"Russia, Zheleznogorsk",2860,548.15,1,Банкомат
416,9928498,2024-10-06 20:49:13,"Russia, Samara",6567,1072.17,0,Банкомат
417,9880128,2024-11-19 19:26:02,"Russia, Klin",5154,715.03,0,Банкомат
418,9876448,2024-11-24 12:53:16,"Russia, Unknown",2859,138.93,0,Банкомат
419,9903371,2024-11-20 12:42:20,"Ukraine, Simferopol",4377,209.96,0,Банкомат
420,9855247,2024-11-11 00:40:56,"Russia, Moscow",7042,551.1,0,Банкомат
421,9746512,2024-10-31 00:14:50,"Russia, Samara",3229,479.75,1,Банкомат
422,9956860,2024-11-28 09:12:08,"Russia, Unknown",9174,973.92,0,Банкомат
423,9896465,2024-11-04 20:19:16,"Russia, Unknown",4322,534.02,1,Банкомат
424,9831434,2024-11-23 08:10:00,"Russia, Unknown",3064,586.8,0,Банкомат
425,9639043,2024-11-06 04:36:59,"Russia, Samara",8751,850.86,2,Банкомат
426,9935391,2024-11-15 09:16:06,"Russia, Klin",6332,822.96,0,Банкомат
427,9895669,2024-11-12 06:22:30,"Russia, Unknown",6126,1188.83,0,Банкомат
428,9946305,2024-11-04 10:49:08,"Russia, Klin",9978,886.99,0,Банкомат
429,9918242,2024-11-19 21:00:38,"Russia, Samara",3759,552.95,0,Банкомат
430,9475579,2024-11-17 19:28:20,"Russia, Unknown",6418,861.04,0,Банкомат
431,9909782,2024-11-25 01:54:45,"Russia, Unknown",6811,508.13,0,Банкомат
432,9888135,2024-11-21 06:00:34,"Russia, Moscow",8490,246.27,0,Банкомат
433,9991257,2024-11-16 06:37:08,"Russia, Unknown",9891,357.76,0,Банкомат
434,9922618,2024-10-03 01:47:17,"Russia, Unknown",5232,1151.07,0,Банкомат
435,9906247,2024-11-15 16:14:27,"Russia, Unknown",1124,581.98,0,Банкомат
436,9813622,2024-11-26 03:10:03,"Russia, Unknown",4867,1148.99,0,Банкомат
437,9861340,2024-08-22 01:21:48,"Russia, Moscow",9710,142.37,0,Банкомат
438,9812926,2024-11-19 12:37:17,"Russia, Unknown",1101,302.03,0,Банкомат
439,9300745,2024-10-11 07:40:04,"Russia, Grozny",6300,400.95,0,Банкомат
440,9903090,2024-11-01 09:43:10,"Ukraine, Simferopol",7173,184.18,0,Банкомат
441,9940678,2024-11-07 22:45:13,"Russia, Grozny",3819,614.94,0,Банкомат
442,9890590,2024-11-14 23:56:20,"Ukraine, Simferopol",1845,521.9,0,Банкомат
443,9817050,2024-10-28 04:19:49,"Russia, Unknown",9655,476.06,0,Банкомат
444,9726123,2024-11-28 06:14:18,"Russia, Unknown",3723,1035.98,2,Банкомат
445,9602116,2024-11-13 01:31:34,"Russia, Ufa",7249,257.87,1,Банкомат
446,9864829,2024-11-18 11:43:02,"Russia, Unknown",3762,855.07,0,Банкомат
447,9853032,2024-11-26 12:11:54,"Russia, Moscow",9857,891.95,0,Банкомат
448,9976315,2024-11-22 09:00:42,"Russia, Unknown",8702,1124.84,0,Банкомат
449,9977204,2024-11-28 06:23:15,"Russia, Unknown",4100,290.87,0,Банкомат
450,9946790,2024-11-10 19:41:23,"Russia, Kirovo-Chepetsk",6044,342.8,0,Банкомат
451,9941585,2024-11-20 16:49:20,"Russia, St Petersburg",2327,360.27,0,Банкомат
452,9739847,2024-11-06 02:49:33,"Russia, Zheleznogorsk",3710,964.79,1,Банкомат
453,9918912,2024-11-13 16:22:30,"Russia, St Petersburg",7142,1127.91,0,Банкомат
454,9996887,2024-11-11 11:45:17,"Russia, Samara",1965,1082.86,1,Банкомат
455,9813670,2024-11-20 23:54:28,"Russia, Ufa",1321,570.32,0,Банкомат
456,9994868,2024-09-11 10:51:20,"Russia, Grozny",6438,1112.82,0,Банкомат
457,9983516,2024-11-16 23:43:38,"Russia, Unknown",4439,417.75,0,Банкомат
458,9820707,2024-11-11 23:47:11,"Russia, Unknown",8176,206.81,0,Банкомат
459,9425533,2024-11-11 11:08:12,"Russia, Novosibirsk",8572,683.05,1,Банкомат
460,9727422,2024-11-11 07:21:51,"Russia, Unknown",8788,465.95,0,Банкомат
461,9950810,2024-11-16 15:35:15,"Russia, Moscow",8350,401.19,0,Банкомат
462,9948325,2024-11-27 05:23:58,"Russia, Novosibirsk",3775,237.06,0,Банкомат
463,9080506,2024-10-02 10:25:15,"Russia, Moscow",4666,560.1,2,Банкомат
464,9931935,2024-11-16 10:34:13,"Russia, Moscow",2978,420.89,0,Банкомат
465,9883331,2024-11-25 00:09:20,"Russia, Klin",2329,185.18,0,Банкомат
466,9593171,2024-11-22 18:09:37,"Russia, Grozny",3023,319.85,0,Банкомат
467,9861747,2024-11-18 18:32:59,"Russia, Kirovo-Chepetsk",8268,495.82,0,Банкомат
468,9946391,2024-11-13 13:55:12,"Russia, Klin",4183,1058.08,0,Банкомат
469,9840713,2024-11-02 14:20:29,"Russia, Unknown",9871,1124.94,0,Банкомат
470,9239561,2024-11-03 08:42:58,"Russia, Samara",1915,836.8,0,Банкомат
471,9942557,2024-11-07 13:54:17,"Russia, Unknown",6337,1035.91,0,Банкомат
472,9947156,2024-11-21 02:52:10,"Russia, Unknown",7830,472.81,0,Банкомат
473,9973212,2024-11-19 15:36:34,"Russia, Kirovo-Chepetsk",9828,421.02,0,Банкомат
474,9996218,2024-10-20 16:01:20,"Russia, Novosibirsk",8127,612.88,0,Банкомат
475,9992808,2024-11-23 05:46:49,"Russia, St Petersburg",3565,503.15,0,Банкомат
476,9999941,2024-11-21 22:21:44,"Russia, Zheleznogorsk",3448,882.84,0,Банкомат
477,9902225,2024-11-20 20:18:45,"Russia, Klin",2048,846.03,1,Банкомат
478,9978327,2024-11-19 20:55:07,"Russia, Ufa",7780,479.99,1,Банкомат
479,9763060,2024-11-25 09:10:20,"Russia, Unknown",4855,568.87,0,Банкомат
480,9754768,2024-11-16 03:24:37,"Russia, Unknown",6355,1130.95,0,Банкомат
481,9827399,2024-11-27 12:20:36,"Russia, St Petersburg",7661,873.02,0,Банкомат
482,9888467,2024-11-15 06:33:26,"Russia, Zheleznogorsk",7655,935.19,0,Банкомат
483,9975288,2024-10-31 01:02:27,"Russia, Ufa",9750,931.92,1,Банкомат
484,9672241,2024-10-31 13:45:46,"Russia, Moscow",8345,889.06,0,Банкомат
485,9872487,2024-11-26 06:42:26,"Russia, Ufa",5128,542.89,0,Банкомат
486,9929778,2024-11-19 13:13:24,"Russia, Moscow",3134,660.24,1,Банкомат
487,9817803,2024-11-14 14:36:55,"Russia, Ufa",4127,824.72,0,Банкомат
488,9983471,2024-11-24 20:46:32,"Russia, Unknown",9871,528.04,0,Банкомат
489,9788953,2024-11-24 02:19:54,"Russia, Novosibirsk",1485,536.11,0,Банкомат
490,9459728,2024-11-26 08:29:38,"Russia, Zheleznogorsk",6718,610.1,0,Банкомат
491,9962704,2024-11-26 16:31:02,"Russia, Grozny",9139,381.38,2,Банкомат
492,9815742,2024-11-05 08:45:31,"Russia, Unknown",6569,1176.73,0,Банкомат
493,9981603,2024-11-25 23:45:23,"Russia, Grozny",6477,993.82,0,Банкомат
494,9979903,2024-10-25 04:24:22,"Russia, Zheleznogorsk",4655,267.33,0,Банкомат
495,9305828,2024-09-12 16:57:59,"Russia, Grozny",9634,1098.66,0,Банкомат
496,9637041,2024-11-20 12:14:07,"Russia, St Petersburg",2036,998.94,0,Банкомат
497,9957902,2024-11-16 03:21:59,"Russia, Unknown",3726,753.08,0,Банкомат
498,9999568,2024-11-16 14:02:53,"Russia, Grozny",7534,210.18,1,Банкомат
499,9620659,2024-11-17 17:48:02,"Russia, Samara",6762,1112.81,0,Банкомат
500,9593875,2024-11-26 04:24:42,"Ukraine, Simferopol",7966,968.14,0,Банкомат
501,9918480,2024-11-02 15:00:51,"Russia, Unknown",5261,509.75,0,Банкомат
502,9916335,2024-11-27 01:45:51,"Russia, Unknown",6220,212.33,0,Банкомат
503,9534188,2024-10-22 05:13:40,"Ukraine, Simferopol",9026,1033.08,0,Банкомат
504,9916465,2024-11-24 02:54:21,"Russia, Unknown",6950,236.65,0,Банкомат
505,9969870,2024-10-23 14:48:52,"Russia, Unknown",5889,1143.0,0,Банкомат
506,9921453,2024-11-01 14:59:34,"Russia, Unknown",1277,905.8,0,Банкомат
507,9982400,2024-11-24 08:42:36,"Russia, Unknown",1666,1134.12,0,Банкомат
508,9999515,2024-11-03 04:55:43,"Russia, Unknown",5077,1095.26,0,Банкомат
509,9933525,2024-10-30 08:01:41,"Russia, Unknown",3430,602.93,0,Банкомат
510,9962855,2024-11-04 02:56:20,"Russia, Unknown",8846,578.93,0,Банкомат
511,9468141,2024-11-28 03:28:17,"Russia, Samara",1745,722.98,0,Банкомат
512,9915642,2024-11-15 20:36:10,"Russia, Unknown",7178,739.94,0,Банкомат
513,9987697,2024-11-19 16:06:06,"Russia, St Petersburg",4974,213.76,0,Банкомат
514,9965487,2024-11-18 19:24:53,"Russia, Grozny",5008,127.03,0,Банкомат
515,9900236,2024-11-02 16:21:10,"Russia, Unknown",8126,141.0,1,Банкомат
516,9618038,2024-11-15 16:20:41,"Russia, Klin",9762,1058.23,1,Банкомат
517,9946150,2024-11-23 10:22:28,"Russia, Unknown",4783,301.81,0,Банкомат
518,9691091,2024-11-19 15:53:15,"Russia, Unknown",1076,625.76,1,Банкомат
519,9882049,2024-11-02 18:56:39,"Russia, St Petersburg",3322,523.14,0,Банкомат
520,9896579,2024-11-26 22:36:49,"Russia, Unknown",8573,786.86,0,Банкомат
521,9864823,2024-11-27 15:17:14,"Russia, Unknown",2022,969.9,0,Банкомат
522,9748727,2024-11-22 18:28:20,"Russia, Ufa",2826,564.07,1,Банкомат
523,9958934,2024-10-10 23:55:33,"Russia, Samara",4660,1026.88,0,Банкомат
524,9920143,2024-11-15 04:49:41,"Russia, Unknown",5113,1156.92,0,Банкомат
525,9982939,2024-11-25 09:20:21,"Ukraine, Simferopol",2204,525.95,0,Банкомат
526,9918922,2024-11-07 13:34:12,"Russia, Klin",1612,928.34,0,Банкомат
527,9996620,2024-11-09 08:14:02,"Russia, Unknown",4273,907.95,0,Банкомат
528,9719715,2024-09-15 04:05:58,"Russia, Unknown",4290,908.08,0,Банкомат
529,9928880,2024-11-24 16:28:11,"Russia, Samara",8340,481.85,0,Банкомат
530,9980416,2024-11-25 14:52:38,"Russia, Novosibirsk",1690,628.07,0,Банкомат
531,9854260,2024-11-20 02:13:50,"Russia, Moscow",4519,917.03,0,Банкомат
532,9934022,2024-11-02 09:49:00,"Russia, Kirovo-Chepetsk",7374,478.17,0,Банкомат
533,9491122,2024-09-28 15:39:19,"Russia, Unknown",9226,510.06,0,Банкомат
534,9981354,2024-11-28 21:16:53,"Russia, Unknown",8624,101.89,0,Банкомат
535,9428285,2024-11-13 14:52:49,"Russia, Unknown",6394,398.97,0,Банкомат
536,9786784,2024-11-22 22:24:48,"Russia, Unknown",6722,769.27,0,Банкомат
537,9712595,2024-11-01 02:53:53,"Russia, Grozny",9211,615.85,0,Банкомат
538,9951495,2024-11-14 02:04:32,"Russia, Klin",4104,554.72,0,Банкомат
539,9851670,2024-11-28 23:02:56,"Russia, Kirovo-Chepetsk",8410,1138.27,0,Банкомат
540,9909425,2024-10-06 17:14:44,"Russia, Moscow",3358,539.05,0,Банкомат
541,9807652,2024-10-29 21:07:48,"Russia, Zheleznogorsk",9009,493.84,0,Банкомат
542,9944426,2024-10-07 07:29:32,"Russia, Klin",3580,964.12,0,Банкомат
543,9838711,2024-11-25 16:01:36,"Russia, Unknown",5038,583.72,0,Банкомат
544,9993179,2024-10-31 03:46:36,"Russia, Unknown",8110,1096.26,1,Банкомат
545,9797802,2024-11-26 21:13:46,"Russia, St Petersburg",5937,626.97,0,Банкомат
546,9961392,2024-11-21 14:25:18,"Russia, Unknown",9488,466.9,0,Банкомат
547,9965394,2024-11-20 03:41:55,"Russia, Grozny",2049,176.11,0,Банкомат
548,9958872,2024-11-28 09:24:15,"Russia, Moscow",2508,388.96,0,Банкомат
549,9867323,2024-11-25 00:05:43,"Russia, Unknown",4304,879.06,0,Банкомат
550,9883463,2024-11-24 21:38:15,"Russia, Novosibirsk",5940,298.5,1,Банкомат
551,9947848,2024-11-12 19:51:10,"Russia, Kirovo-Chepetsk",1803,872.13,0,Банкомат
552,9945568,2024-11-25 12:04:59,"Russia, Novosibirsk",3130,672.71,0,Банкомат
553,9960107,2024-11-04 20:04:27,"Russia, Novosibirsk",2901,1020.92,0,Банкомат
554,9967511,2024-10-24 11:44:07,"Russia, Zheleznogorsk",1357,512.95,0,Банкомат
555,9978737,2024-11-27 22:58:51,"Russia, Unknown",5710,1081.03,0,Банкомат
556,9930885,2024-11-21 22:49:34,"Russia, Kirovo-Chepetsk",4222,415.98,0,Банкомат
557,9856938,2024-11-23 11:52:14,"Russia, St Petersburg",4937,344.11,0,Банкомат
558,9874522,2024-11-22 19:12:02,"Russia, Moscow",6952,705.86,1,Банкомат
559,9978110,2024-11-17 01:46:00,"Russia, Ufa",8701,516.14,0,Банкомат
560,9831174,2024-10-19 07:50:37,"Russia, Samara",7232,655.01,0,Банкомат
561,9939934,2024-11-27 10:12:47,"Russia, Grozny",3331,236.98,2,Банкомат
562,9762535,2024-11-26 17:36:07,"Russia, Unknown",1198,1186.06,1,Банкомат
563,9705971,2024-11-18 14:15:13,"Russia, Unknown",1074,688.78,0,Банкомат
564,9128021,2024-11-22 12:07:00,"Russia, Samara",8578,226.34,0,Банкомат
565,9909742,2024-09-19 02:33:46,"Russia, Grozny",2191,627.89,0,Банкомат
566,9920541,2024-11-10 22:58:01,"Russia, Unknown",4998,756.06,0,Банкомат
567,9941676,2024-11-18 03:29:06,"Russia, Moscow",6116,1004.97,0,Банкомат
568,9736305,2024-10-29 08:30:41,"Russia, Samara",1362,721.89,0,Банкомат
569,9808822,2024-11-20 18:17:14,"Russia, Samara",7075,906.99,0,Банкомат
570,9966646,2024-11-10 19:45:34,"Russia, Unknown",9192,1049.9,1,Банкомат
571,9925719,2024-11-24 04:57:25,"Russia, Unknown",2477,317.21,0,Банкомат
572,9697229,2024-10-22 05:29:36,"Russia, Samara",6235,840.68,0,Банкомат
573,9759555,2024-10-23 20:35:54,"Russia, Zheleznogorsk",9221,347.89,0,Банкомат
574,9644372,2024-11-15 23:52:02,"Russia, Unknown",8461,159.98,0,Банкомат
575,9978292,2024-10-27 11:48:18,"Russia, Unknown",2863,1037.06,2,Банкомат
576,9926402,2024-11-23 18:48:28,"Russia, Ufa",8609,466.94,0,Банкомат
577,9992211,2024-11-20 06:48:22,"Russia, Ufa",9808,1157.88,0,Банкомат
578,9981330,2024-11-23 08:55:24,"Russia, Unknown",6116,929.23,0,Банкомат
579,9837177,2024-11-19 18:16:00,"Russia, Grozny",4444,125.0,0,Банкомат
580,9987076,2024-11-26 08:00:28,"Russia, Unknown",3604,386.14,0,Банкомат
581,9964964,2024-11-25 22:54:25,"Russia, Zheleznogorsk",4057,713.92,0,Банкомат
582,9840222,2024-11-21 01:12:45,"Russia, Unknown",5547,589.95,0,Банкомат
583,9879098,2024-11-24 10:29:06,"Russia, Unknown",6421,946.79,0,Банкомат
584,9597168,2024-11-19 21:38:33,"Russia, Samara",3692,312.9,0,Банкомат
585,9963416,2024-11-18 13:44:54,"Russia, Grozny",8495,306.05,1,Банкомат
586,9467084,2024-11-18 16:00:20,"Russia, Unknown",7111,318.25,0,Банкомат
587,9978125,2024-10-18 16:36:59,"Russia, Moscow",6650,1012.98,1,Банкомат
588,9976290,2024-10-30 04:35:35,"Russia, Moscow",7625,672.97,0,Банкомат
589,9664977,2024-09-24 17:27:46,"Russia, Ufa",8027,1049.08,2,Банкомат
590,9552622,2024-11-15 13:59:05,"Russia, Zheleznogorsk",8623,378.01,0,Банкомат
591,9726718,2024-09-27 09:12:46,"Russia, Moscow",8500,253.05,0,Банкомат
592,9749371,2024-10-31 07:26:28,"Russia, Klin",5289,253.77,0,Банкомат
593,9923592,2024-11-19 13:17:14,"Russia, Unknown",1927,348.82,0,Банкомат
594,9980573,2024-10-31 00:44:49,"Russia, Samara",3086,951.98,0,Банкомат
595,9945908,2024-11-13 11:21:19,"Russia, Moscow",5811,670.26,0,Банкомат
596,9764276,2024-09-26 20:53:20,"Russia, St Petersburg",4279,1103.97,0,Банкомат
597,9895506,2024-11-23 12:23:01,"Russia, Samara",7548,1088.0,0,Банкомат
598,9914273,2024-11-09 17:31:34,"Russia, Unknown",9112,745.71,1,Банкомат
599,9666429,2024-11-16 22:57:01,"Russia, Unknown",2086,1114.08,0,Банкомат
600,9936535,2024-10-20 22:20:06,"Russia, Grozny",1063,612.82,0,Банкомат
601,9955646,2024-11-25 02:58:11,"Russia, Zheleznogorsk",9288,834.02,0,Банкомат
602,9996620,2024-11-03 02:02:15,"Russia, Unknown",6341,832.01,0,Банкомат
603,9871629,2024-11-26 13:22:37,"Russia, Unknown",2123,245.91,0,Банкомат
604,9984577,2024-11-24 02:04:02,"Russia, Klin",1656,959.76,0,Банкомат
605,9992388,2024-11-02 11:48:58,"Russia, Klin",7987,806.15,0,Банкомат
606,9961186,2024-11-27 18:10:32,"Russia, Samara",6814,181.93,0,Банкомат
607,9840301,2024-11-23 16:15:37,"Russia, Unknown",3828,762.06,0,Банкомат
608,9518736,2024-11-15 13:22:28,"Russia, Moscow",4108,843.84,0,Банкомат
609,9663102,2024-11-27 18:04:57,"Russia, Samara",6615,781.11,0,Банкомат
610,9687851,2024-11-27 00:43:35,"Russia, Samara",8127,326.72,0,Банкомат
611,9521603,2024-11-17 10:22:48,"Russia, Unknown",3338,1124.97,0,Банкомат
612,9945037,2024-11-13 14:30:24,"Russia, Unknown",4407,430.8,0,Банкомат
613,9953165,2024-11-28 03:44:27,"Russia, Ufa",1702,1154.1,0,Банкомат
614,9261215,2024-11-26 21:19:40,"Russia, Unknown",7964,716.04,1,Банкомат
615,9969898,2024-11-25 18:08:21,"Russia, Kirovo-Chepetsk",6758,1096.94,0,Банкомат
616,9931705,2024-10-22 10:11:57,"Russia, Unknown",4343,654.05,0,Банкомат
617,9940803,2024-10-29 07:42:01,"Ukraine, Simferopol",9655,224.95,2,Банкомат
618,9825346,2024-11-12 08:17:34,"Russia, Unknown",4131,500.22,0,Банкомат
619,9705905,2024-11-17 09:49:16,"Russia, Unknown",6509,479.04,0,Банкомат
620,9923429,2024-11-28 23:18:41,"Russia, Unknown",2404,1059.99,0,Банкомат
621,9704515,2024-11-20 00:24:37,"Russia, Samara",3614,194.99,0,Банкомат
622,9878021,2024-11-18 06:19:54,"Ukraine, Simferopol",3624,235.97,1,Банкомат
623,9985736,2024-11-18 17:04:14,"Russia, Moscow",9990,377.05,0,Банкомат
624,9508882,2024-10-16 01:46:14,"Russia, Moscow",5189,606.06,0,Банкомат
625,9862072,2024-11-18 10:10:34,"Russia, Unknown",8835,480.85,0,Банкомат
626,9890808,2024-11-04 15:33:36,"Ukraine, Simferopol",9976,128.19,0,Банкомат
627,9939874,2024-11-22 23:00:20,"Russia, Unknown",1994,1090.91,2,Банкомат
628,9734027,2024-11-16 19:13:19,"Russia, Moscow",2843,1173.81,0,Банкомат
629,9915010,2024-11-25 22:52:01,"Russia, Novosibirsk",2103,154.86,0,Банкомат
630,9988484,2024-10-25 09:54:05,"Russia, Unknown",5479,1118.78,0,Банкомат
631,9851082,2024-11-19 17:46:44,"Russia, Novosibirsk",7853,383.9,0,Банкомат
632,9601883,2024-11-13 23:02:52,"Russia, Grozny",2083,395.12,0,Банкомат
633,9774491,2024-11-28 13:37:01,"Russia, Klin",4462,299.96,1,Банкомат
634,9948320,2024-11-26 03:28:30,"Russia, Unknown",9818,982.98,0,Банкомат
635,9978888,2024-10-22 05:55:31,"Russia, Kirovo-Chepetsk",6289,905.17,0,Банкомат
636,9980632,2024-11-23 01:06:03,"Russia, Samara",3957,746.82,0,Банкомат
637,9955157,2024-11-28 06:03:07,"Russia, Kirovo-Chepetsk",6684,719.91,1,Банкомат
638,9632816,2024-11-17 15:18:14,"Russia, Klin",9428,923.85,0,Банкомат
639,9538585,2024-11-14 15:59:22,"Russia, Unknown",3470,315.98,0,Банкомат
640,9976689,2024-11-21 04:30:22,"Russia, Unknown",1336,512.18,0,Банкомат
641,9753303,2024-11-16 05:57:16,"Russia, Unknown",6517,775.93,0,Банкомат
642,9944363,2024-11-13 20:23:50,"Russia, Klin",7792,130.88,0,Банкомат
643,9960608,2024-11-16 23:24:22,"Russia, Novosibirsk",5487,253.13,0,Банкомат
644,9909886,2024-11-20 03:59:42,"Russia, Grozny",1737,103.84,0,Банкомат
645,9892339,2024-10-25 13:44:46,"Russia, St Petersburg",6191,665.0,0,Банкомат
646,9738616,2024-11-25 02:35:17,"Russia, Samara",2430,798.87,0,Банкомат
647,9823678,2024-11-03 05:24:34,"Russia, Unknown",9753,104.94,0,Банкомат
648,9984406,2024-11-25 10:04:21,"Ukraine, Simferopol",9524,575.11,0,Банкомат
649,9879216,2024-11-13 01:46:15,"Ukraine, Simferopol",3388,284.29,0,Банкомат
650,9973011,2024-11-24 14:07:46,"Russia, Ufa",2693,742.17,0,Банкомат
651,9893667,2024-11-27 11:14:35,"Russia, Moscow",5845,1047.97,0,Банкомат
652,9940072,2024-11-06 23:15:43,"Russia, Ufa",8265,1022.85,0,Банкомат
653,9796012,2024-11-18 01:27:08,"Russia, Unknown",4721,190.94,0,Банкомат
654,9885673,2024-11-04 01:49:12,"Russia, Unknown",7982,867.84,0,Банкомат
655,9985484,2024-11-15 18:38:29,"Russia, Zheleznogorsk",7143,466.02,0,Банкомат
656,9940771,2024-10-04 09:10:23,"Russia, Unknown",8616,957.12,0,Банкомат
657,9967732,2024-11-24 13:48:29,"Russia, St Petersburg",6610,519.16,0,Банкомат
658,9968389,2024-11-03 10:21:05,"Russia, Unknown",8354,217.06,0,Банкомат
659,9710288,2024-11-04 19:24:19,"Russia, Klin",2608,619.0,0,Банкомат
660,9887975,2024-11-12 18:14:34,"Russia, Grozny",4013,846.0,1,Банкомат
661,9961911,2024-11-07 11:41:30,"Russia, Klin",1204,921.23,0,Банкомат
662,9987082,2024-10-05 10:54:16,"Russia, Zheleznogorsk",8313,271.94,0,Банкомат
663,9948046,2024-11-02 02:53:19,"Russia, Unknown",1389,941.22,0,Банкомат
664,9970046,2024-11-19 09:10:08,"Ukraine, Simferopol",9251,666.69,0,Банкомат
665,9970839,2024-11-15 12:11:02,"Russia, Novosibirsk",3924,923.1,0,Банкомат
666,9992220,2024-10-07 04:06:56,"Russia, St Petersburg",9853,907.03,0,Банкомат
667,9756133,2024-11-13 03:28:23,"Russia, Moscow",4227,777.21,2,Банкомат
668,9987890,2024-11-06 10:08:10,"Russia, Unknown",3734,538.83,0,Банкомат
669,9968541,2024-11-26 07:13:44,"Russia, Unknown",5638,425.12,0,Банкомат
670,9675076,2024-10-19 16:25:49,"Russia, Samara",7075,1034.08,0,Банкомат
671,9974833,2024-11-20 00:55:57,"Russia, Unknown",4638,144.98,0,Банкомат
672,9811968,2024-10-23 07:44:54,"Russia, Samara",8757,711.43,0,Банкомат
673,9937094,2024-11-25 09:37:24,"Russia, Unknown",7215,762.03,0,Банкомат
674,9750441,2024-10-10 10:38:54,"Russia, Unknown",7219,493.75,0,Банкомат
675,9678061,2024-10-18 01:36:43,"Russia, Unknown",2492,940.23,0,Банкомат
676,9990210,2024-11-06 12:35:42,"Russia, Novosibirsk",5492,141.17,1,Банкомат
677,9992848,2024-11-15 03:05:12,"Russia, Unknown",7126,584.06,0,Банкомат
678,9992852,2024-11-04 04:56:05,"Ukraine, Simferopol",6729,820.11,0,Банкомат
679,9952330,2024-11-04 18:35:30,"Russia, Unknown",8537,835.95,0,Банкомат
680,9909123,2024-11-27 14:24:24,"Russia, Moscow",4055,738.24,0,Банкомат
681,9861014,2024-11-09 15:58:41,"Russia, St Petersburg",4518,1186.11,0,Банкомат
682,9710137,2024-11-27 06:32:00,"Russia, Kirovo-Chepetsk",4456,870.03,0,Банкомат
683,9654777,2024-11-24 20:15:32,"Russia, Unknown",3251,887.05,0,Банкомат
684,9980135,2024-11-24 09:14:00,"Russia, Unknown",2398,1068.8,0,Банкомат
685,9902002,2024-11-20 20:58:05,"Russia, Unknown",7341,862.94,0,Банкомат
686,9987437,2024-10-30 20:53:13,"Russia, Unknown",3468,680.02,0,Банкомат
687,9469077,2024-11-09 21:25:57,"Ukraine, Simferopol",2283,768.28,0,Банкомат
688,9721604,2024-11-22 12:19:15,"Russia, Ufa",8960,238.99,0,Банкомат
689,9826278,2024-11-07 08:46:44,"Russia, Unknown",9769,483.88,0,Банкомат
690,9976444,2024-10-09 16:34:06,"Russia, Samara",7762,982.07,0,Банкомат
691,9886026,2024-11-18 13:45:20,"Russia, Grozny",4330,748.19,1,Банкомат
692,9798286,2024-11-08 01:38:11,"Russia, Kirovo-Chepetsk",7731,184.95,0,Банкомат
693,9835378,2024-10-30 22:42:38,"Russia, Moscow",3676,791.77,0,Банкомат
694,9986456,2024-11-15 17:49:10,"Russia, Kirovo-Chepetsk",2364,755.15,0,Банкомат
695,9715735,2024-11-22 01:00:25,"Russia, Novosibirsk",8380,967.86,0,Банкомат
696,9807281,2024-10-12 19:14:58,"Russia, Ufa",9207,437.08,0,Банкомат
697,9972999,2024-10-28 15:13:46,"Ukraine, Simferopol",9099,1002.11,0,Банкомат
698,9408286,2024-11-28 10:40:01,"Russia, Kirovo-Chepetsk",8739,628.13,0,Банкомат
699,9590417,2024-11-28 13:12:15,"Russia, Unknown",8018,547.91,0,Банкомат
700,9950047,2024-11-23 21:09:26,"Russia, Unknown",4983,161.89,0,Банкомат
701,9915674,2024-11-12 23:55:27,"Russia, Samara",7120,376.25,0,Банкомат
702,9917701,2024-10-17 07:33:30,"Russia, Ufa",3518,905.21,0,Банкомат
703,9949119,2024-11-24 19:22:15,"Russia, Grozny",7000,927.04,0,Банкомат
704,9690611,2024-11-02 16:18:47,"Russia, Moscow",4411,297.03,1,Банкомат
705,9845226,2024-10-26 19:39:11,"Russia, Zheleznogorsk",1289,503.8,0,Банкомат
706,9981191,2024-10-22 12:27:04,"Russia, Unknown",1433,102.94,0,Банкомат
707,9938928,2024-10-09 04:02:01,"Russia, Moscow",7567,380.78,0,Банкомат
708,9707972,2024-11-11 05:16:36,"Ukraine, Simferopol",4423,541.96,0,Банкомат
709,9962724,2024-11-25 20:23:23,"Russia, Kirovo-Chepetsk",3509,729.13,0,Банкомат
710,9909693,2024-11-28 23:26:35,"Russia, St Petersburg",9306,955.85,0,Банкомат
711,9793952,2024-11-22 17:05:01,"Russia, Ufa",3737,1127.77,1,Банкомат
712,9921072,2024-11-03 00:46:28,"Russia, Samara",6131,682.1,0,Банкомат
713,9964279,2024-11-26 04:49:30,"Russia, Samara",5978,896.01,0,Банкомат
714,9892732,2024-11-21 07:57:20,"Russia, Unknown",8982,136.78,0,Банкомат
715,9799412,2024-11-27 10:59:33,"Russia, Novosibirsk",4774,843.86,0,Банкомат
716,9826672,2024-11-12 23:22:03,"Russia, Ufa",3353,759.25,0,Банкомат
717,9210300,2024-10-28 05:43:00,"Russia, Moscow",1826,126.73,0,Банкомат
718,9311832,2024-11-21 15:19:17,"Ukraine, Simferopol",1302,1032.82,0,Банкомат
719,9933468,2024-09-27 11:34:05,"Ukraine, Simferopol",2961,142.03,0,Банкомат
720,9642868,2024-09-21 16:03:12,"Russia, Moscow",1592,460.13,0,Банкомат
721,9918867,2024-11-26 07:42:35,"Russia, Samara",8826,234.01,1,Банкомат
722,9380191,2024-10-15 03:19:26,"Ukraine, Simferopol",3550,423.99,0,Банкомат
723,9627541,2024-10-28 16:34:14,"Russia, Samara",5221,193.16,1,Банкомат
724,9997113,2024-11-03 18:48:47,"Russia, Unknown",6552,984.77,0,Банкомат
725,9840040,2024-11-22 10:54:47,"Ukraine, Simferopol",4605,917.95,0,Банкомат
726,9696405,2024-09-20 04:36:42,"Russia, Unknown",5623,399.86,0,Банкомат
727,9952364,2024-10-06 00:42:05,"Russia, Unknown",2097,193.33,1,Банкомат
728,9796006,2024-11-23 13:47:45,"Russia, Unknown",1262,526.93,2,Банкомат
729,9999425,2024-10-19 00:03:15,"Russia, Unknown",7724,904.03,2,Банкомат
730,9935573,2024-11-26 15:12:54,"Russia, Moscow",8064,542.06,1,Банкомат
731,9729748,2024-11-25 12:52:06,"Russia, Unknown",4729,418.73,0,Банкомат
732,9632178,2024-09-12 08:09:53,"Russia, Samara",4650,515.11,0,Банкомат
733,9901354,2024-11-25 13:50:21,"Russia, Klin",1367,1078.13,0,Банкомат
734,9952201,2024-11-23 06:03:58,"Russia, Zheleznogorsk",8290,657.24,0,Банкомат
735,9950686,2024-11-23 18:25:33,"Russia, Klin",8864,688.94,0,Банкомат
736,9816040,2024-10-26 22:49:01,"Russia, Moscow",1801,617.3,0,Банкомат
737,9710705,2024-11-26 11:17:14,"Russia, St Petersburg",8800,1182.75,0,Банкомат
738,9819770,2024-10-09 11:55:09,"Russia, Moscow",1982,383.94,0,Банкомат
739,9883321,2024-11-16 01:47:30,"Russia, Unknown",7568,793.24,1,Банкомат
740,9869512,2024-11-18 12:06:58,"Russia, Unknown",8672,893.97,0,Банкомат
741,9975242,2024-10-31 12:48:50,"Russia, Klin",3132,807.44,1,Банкомат
742,9991786,2024-11-14 03:52:47,"Russia, Unknown",4887,987.98,0,Банкомат
743,9915466,2024-11-01 12:17:43,"Russia, St Petersburg",1845,121.81,0,Банкомат
744,9816526,2024-11-28 00:33:51,"Russia, Samara",1759,126.04,0,Банкомат
745,9978659,2024-11-23 04:58:46,"Russia, Unknown",2073,906.99,0,Банкомат
746,9235125,2024-11-22 10:00:44,"Russia, Klin",2124,490.21,0,Банкомат
747,9898625,2024-09-22 17:07:04,"Russia, Grozny",1671,1083.99,0,Банкомат
748,9989003,2024-11-16 14:57:18,"Russia, Grozny",7476,394.02,0,Банкомат
749,9930223,2024-11-17 07:15:48,"Russia, Unknown",4876,303.85,0,Банкомат
750,9883165,2024-11-21 20:03:17,"Russia, Zheleznogorsk",5932,623.94,0,Банкомат
751,9303467,2024-11-20 06:11:54,"Russia, Kirovo-Chepetsk",3761,1131.05,0,Банкомат
752,9901279,2024-10-28 22:04:19,"Russia, Moscow",3850,861.94,1,Банкомат
753,9870117,2024-10-24 19:25:07,"Russia, Moscow",3401,390.19,1,Банкомат
754,9901818,2024-11-28 12:35:41,"Russia, Unknown",4434,156.91,0,Банкомат
755,9908768,2024-11-20 00:54:03,"Russia, Grozny",1697,1008.86,0,Банкомат
756,9992651,2024-11-26 08:07:53,"Russia, St Petersburg",5711,587.71,0,Банкомат
757,9895511,2024-11-19 07:58:53,"Russia, Unknown",6325,712.94,0,Банкомат
758,9795519,2024-11-27 04:08:59,"Russia, Unknown",8756,809.09,1,Банкомат
759,9989340,2024-11-14 12:39:27,"Ukraine, Simferopol",3045,1033.89,0,Банкомат
760,9890609,2024-10-29 00:47:49,"Russia, Unknown",5089,846.95,0,Банкомат
761,9774391,2024-11-20 04:01:15,"Russia, Unknown",9989,1110.11,0,Банкомат
762,9669828,2024-10-27 06:45:59,"Russia, Unknown",8297,409.07,0,Банкомат
763,9679961,2024-11-04 18:34:12,"Russia, Unknown",7509,556.91,0,Банкомат
764,9923275,2024-11-23 05:05:25,"Russia, Samara",5987,734.91,0,Банкомат
765,9728378,2024-11-25 18:12:47,"Russia, Samara",1565,371.03,1,Банкомат
766,9959304,2024-11-10 23:18:20,"Russia, Unknown",8140,744.08,0,Банкомат
767,9924207,2024-11-05 13:22:53,"Russia, Unknown",5722,503.15,0,Банкомат
768,9881360,2024-11-08 16:04:54,"Russia, Unknown",2184,294.11,0,Банкомат
769,9984649,2024-11-19 13:16:34,"Russia, Kirovo-Chepetsk",7464,1023.79,0,Банкомат
770,9956459,2024-11-08 01:01:08,"Russia, Klin",2188,1180.15,0,Банкомат
771,9895723,2024-11-21 09:51:47,"Russia, Grozny",8793,1169.95,0,Банкомат
772,9949324,2024-11-25 16:06:20,"Russia, Novosibirsk",5533,121.82,0,Банкомат
773,9944818,2024-11-17 19:48:42,"Russia, Unknown",3868,660.95,0,Банкомат
774,9969457,2024-10-22 15:42:23,"Russia, Unknown",1554,898.05,0,Банкомат
775,9934705,2024-11-21 13:55:11,"Russia, Klin",2110,1161.08,1,Банкомат
776,9513156,2024-11-03 18:32:00,"Russia, Samara",6460,394.93,0,Банкомат
777,9969988,2024-10-31 03:27:30,"Russia, Unknown",1801,1087.99,0,Банкомат
778,9838783,2024-11-26 09:10:23,"Russia, St Petersburg",6697,678.2,0,Банкомат
779,9864167,2024-10-15 13:29:12,"Russia, Grozny",6537,1142.69,0,Банкомат
780,9914493,2024-10-22 04:50:37,"Russia, Kirovo-Chepetsk",2928,875.87,0,Банкомат
781,9784650,2024-11-27 13:28:53,"Russia, Samara",4258,433.93,0,Банкомат
782,9917379,2024-11-21 21:44:31,"Russia, Unknown",7189,675.1,0,Банкомат
783,9951577,2024-10-13 07:33:46,"Russia, Novosibirsk",5874,628.93,1,Банкомат
784,9798988,2024-10-29 06:46:46,"Russia, Unknown",7171,1060.66,0,Банкомат
785,9993958,2024-11-22 17:01:41,"Russia, Moscow",4933,385.0,0,Банкомат
786,9809155,2024-11-05 02:01:56,"Russia, Zheleznogorsk",5075,839.86,0,Банкомат
787,9913087,2024-10-26 10:16:09,"Russia, Unknown",8632,557.84,2,Банкомат
788,9641664,2024-11-17 06:45:43,"Russia, Unknown",2302,785.01,0,Банкомат
789,9985960,2024-11-28 08:41:22,"Russia, Samara",6539,777.78,0,Банкомат
790,9880135,2024-11-14 02:03:41,"Russia, Unknown",1217,898.79,0,Банкомат
791,9959740,2024-11-18 22:18:15,"Russia, Kirovo-Chepetsk",5553,240.15,0,Банкомат
792,9999730,2024-11-19 22:07:26,"Russia, Zheleznogorsk",1523,469.93,0,Банкомат
793,9820230,2024-11-08 06:10:36,"Russia, Unknown",2962,176.93,0,Банкомат
794,9592769,2024-11-21 11:19:50,"Russia, Samara",6095,765.14,0,Банкомат
795,9690475,2024-11-18 10:48:09,"Russia, Klin",2514,486.87,0,Банкомат
796,9730388,2024-10-26 21:29:45,"Russia, Kirovo-Chepetsk",3693,325.9,0,Банкомат
797,9822534,2024-11-17 02:15:46,"Russia, Zheleznogorsk",3292,420.4,0,Банкомат
798,9928839,2024-11-10 22:06:23,"Russia, Unknown",9474,388.14,0,Банкомат
799,9078099,2024-11-26 14:28:23,"Russia, Kirovo-Chepetsk",9681,114.15,0,Банкомат
800,9713811,2024-11-24 19:44:51,"Ukraine, Simferopol",3009,984.88,0,Банкомат
801,9853658,2024-11-23 05:49:40,"Russia, Samara",7748,971.01,1,Банкомат
802,9733345,2024-11-08 20:52:52,"Russia, Unknown",4138,395.78,0,Банкомат
803,9945927,2024-11-03 22:35:33,"Russia, Unknown",5374,571.27,0,Банкомат
804,9933041,2024-11-21 18:08:54,"Russia, Unknown",1343,248.05,0,Банкомат
805,9780565,2024-10-23 02:57:35,"Russia, Samara",2874,458.96,0,Банкомат
806,9959210,2024-11-20 08:42:22,"Russia, Grozny",9515,613.35,1,Банкомат
807,9975993,2024-11-27 00:07:13,"Russia, Kirovo-Chepetsk",1419,1107.99,0,Банкомат
808,9923793,2024-11-28 02:22:41,"Russia, Unknown",1327,1157.01,0,Банкомат
809,9154155,2024-10-29 00:52:34,"Russia, Unknown",6546,972.91,0,Банкомат
810,9973662,2024-11-11 10:24:47,"Russia, Unknown",9086,1037.0,0,Банкомат
811,9873201,2024-11-14 07:00:58,"Russia, Unknown",2163,249.74,0,Банкомат
812,9783199,2024-10-08 03:33:11,"Russia, Samara",4058,547.91,0,Банкомат
813,9976061,2024-11-20 19:56:35,"Russia, Unknown",7019,743.12,0,Банкомат
814,9809439,2024-11-21 07:54:02,"Russia, Unknown",4715,845.06,0,Банкомат
815,9547653,2024-11-16 09:39:01,"Russia, Moscow",8773,449.83,0,Банкомат
816,9505855,2024-10-31 21:17:03,"Russia, Grozny",3810,1096.13,0,Банкомат
817,9991926,2024-10-23 10:35:29,"Russia, Unknown",6148,819.0,0,Банкомат
818,9940759,2024-09-10 05:04:33,"Russia, Unknown",5208,237.02,0,Банкомат
819,9996237,2024-10-22 21:37:16,"Russia, Ufa",3536,1121.93,0,Банкомат
820,9916410,2024-11-28 09:55:58,"Russia, Unknown",2255,696.99,1,Банкомат
821,9685753,2024-10-27 19:35:13,"Russia, Unknown",6828,1048.88,0,Банкомат
822,9338093,2024-11-22 15:08:51,"Russia, Kirovo-Chepetsk",5007,490.04,0,Банкомат
823,9898529,2024-11-16 12:24:12,"Russia, Zheleznogorsk",6809,378.78,1,Банкомат
824,9972784,2024-11-13 13:52:50,"Russia, Unknown",4925,1059.84,0,Банкомат
825,9847180,2024-11-24 02:05:37,"Russia, Novosibirsk",5359,535.04,1,Банкомат
826,9937679,2024-11-17 10:20:54,"Russia, Novosibirsk",4449,309.95,1,Банкомат
827,9845294,2024-11-01 01:05:51,"Russia, Kirovo-Chepetsk",8744,909.98,0,Банкомат
828,9556885,2024-11-23 12:09:06,"Ukraine, Simferopol",5962,597.71,1,Банкомат
829,9935723,2024-11-28 05:03:26,"Russia, Ufa",6359,147.18,0,Банкомат
830,9957266,2024-11-22 11:10:03,"Russia, Unknown",1804,234.09,0,Банкомат
831,9975142,2024-11-06 20:41:07,"Russia, St Petersburg",8160,675.01,0,Банкомат
832,9970259,2024-11-25 19:48:58,"Russia, Grozny",8930,152.07,0,Банкомат
833,9883193,2024-11-10 16:43:21,"Ukraine, Simferopol",4474,566.87,0,Банкомат
834,9919604,2024-10-28 09:38:58,"Russia, St Petersburg",3193,521.37,0,Банкомат
835,9902369,2024-11-13 03:44:07,"Russia, St Petersburg",7071,618.99,0,Банкомат
836,9939711,2024-11-04 14:41:05,"Russia, Unknown",3686,956.15,0,Банкомат
837,9876313,2024-11-23 22:36:43,"Russia, Grozny",7602,1194.06,0,Банкомат
838,9791767,2024-11-28 17:40:33,"Russia, Samara",9729,496.93,0,Банкомат
